[
  {
    "id": "2e2c4344-73ad-40b1-9169-f8b3136832e2",
    "data": [
      {
        "text": "ola",
        "meta": "@sys.ignore",
        "userDefined": false
      }
    ],
    "isTemplate": false,
    "count": 0,
    "lang": "es",
    "updated": 0
  },
  {
    "id": "51c8767e-bbbf-4ca8-9997-a47ca2eef8a3",
    "data": [
      {
        "text": "hola como estas",
        "userDefined": false
      }
    ],
    "isTemplate": false,
    "count": 0,
    "lang": "es",
    "updated": 0
  },
  {
    "id": "6307b8a7-ae9b-42cf-9649-48d408ed7ae0",
    "data": [
      {
        "text": "hola",
        "meta": "@sys.ignore",
        "userDefined": false
      }
    ],
    "isTemplate": false,
    "count": 0,
    "lang": "es",
    "updated": 0
  },
  {
    "id": "4f44451e-38f2-44e5-8740-017a491a1190",
    "data": [
      {
        "text": "hay alguien alli?",
        "userDefined": false
      }
    ],
    "isTemplate": false,
    "count": 0,
    "lang": "es",
    "updated": 0
  },
  {
    "id": "b8d7df1a-356e-4074-b02e-d6ed890a9ca8",
    "data": [
      {
        "text": "me puedes atender?",
        "userDefined": false
      }
    ],
    "isTemplate": false,
    "count": 0,
    "lang": "es",
    "updated": 0
  },
  {
    "id": "543d61dc-e29e-4b6e-b646-5e070d0990bb",
    "data": [
      {
        "text": "puedes atenderme?",
        "userDefined": false
      }
    ],
    "isTemplate": false,
    "count": 0,
    "lang": "es",
    "updated": 0
  },
  {
    "id": "d92fe2d7-d249-4ef2-a8a5-ca4e4a892ba9",
    "data": [
      {
        "text": "pueden atenderme?",
        "userDefined": false
      }
    ],
    "isTemplate": false,
    "count": 0,
    "lang": "es",
    "updated": 0
  },
  {
    "id": "43904b1b-a51f-411f-a2fe-8bb3587e5b65",
    "data": [
      {
        "text": "que mas",
        "userDefined": false
      }
    ],
    "isTemplate": false,
    "count": 0,
    "lang": "es",
    "updated": 0
  },
  {
    "id": "6db9d4ec-8535-4fae-9530-048981efb466",
    "data": [
      {
        "text": "hey",
        "userDefined": false
      }
    ],
    "isTemplate": false,
    "count": 0,
    "lang": "es",
    "updated": 0
  },
  {
    "id": "d9a43ca6-f7d6-4435-ad23-2dfa46c5ae7b",
    "data": [
      {
        "text": "saludos",
        "userDefined": false
      }
    ],
    "isTemplate": false,
    "count": 0,
    "lang": "es",
    "updated": 0
  },
  {
    "id": "04376df0-bfeb-487a-8484-26b718c1f963",
    "data": [
      {
        "text": "buenas noches",
        "meta": "@sys.ignore",
        "userDefined": false
      }
    ],
    "isTemplate": false,
    "count": 0,
    "lang": "es",
    "updated": 0
  },
  {
    "id": "19f499c8-43fb-4bca-9d9e-c35798d4d1d8",
    "data": [
      {
        "text": "Buenas tardes",
        "meta": "@sys.ignore",
        "userDefined": false
      }
    ],
    "isTemplate": false,
    "count": 0,
    "lang": "es",
    "updated": 0
  },
  {
    "id": "ccd36138-09f9-4216-bccd-fe8cc8d907a0",
    "data": [
      {
        "text": "buenos dias",
        "userDefined": false
      }
    ],
    "isTemplate": false,
    "count": 1,
    "lang": "es",
    "updated": 0
  }
]