[
  {
    "id": "65d4137a-e984-4fc8-b825-808c156596d7",
    "data": [
      {
        "text": "512 gb",
        "meta": "@disco",
        "alias": "disco",
        "userDefined": false
      }
    ],
    "isTemplate": false,
    "count": 0,
    "lang": "es",
    "updated": 0
  },
  {
    "id": "07ba2687-2ac9-4e12-aba9-a35dc2dcef31",
    "data": [
      {
        "text": "quiero ",
        "userDefined": false
      },
      {
        "text": "un disco",
        "meta": "@sys.ignore",
        "userDefined": false
      },
      {
        "text": " de ",
        "userDefined": false
      },
      {
        "text": "512 gb",
        "meta": "@disco",
        "alias": "disco",
        "userDefined": false
      }
    ],
    "isTemplate": false,
    "count": 0,
    "lang": "es",
    "updated": 0
  }
]