[
  {
    "id": "00ba69e5-489f-4f52-9a92-25ec2b40fc66",
    "data": [
      {
        "text": "eso ",
        "userDefined": false
      },
      {
        "text": "es",
        "meta": "@sys.ignore",
        "userDefined": false
      },
      {
        "text": " correcto",
        "userDefined": false
      }
    ],
    "isTemplate": false,
    "count": 0,
    "lang": "es",
    "updated": 0
  },
  {
    "id": "d3113c90-7051-4c80-aaf5-ada8a413d701",
    "data": [
      {
        "text": "me interesa",
        "userDefined": false
      }
    ],
    "isTemplate": false,
    "count": 0,
    "lang": "es",
    "updated": 0
  },
  {
    "id": "9b2db6d5-a95d-4ab5-90f8-c02058783a38",
    "data": [
      {
        "text": "estoy interesado",
        "userDefined": false
      }
    ],
    "isTemplate": false,
    "count": 0,
    "lang": "es",
    "updated": 0
  },
  {
    "id": "6e6f2ec6-9a9e-4eef-901a-3d8466a34849",
    "data": [
      {
        "text": "si claro",
        "userDefined": false
      }
    ],
    "isTemplate": false,
    "count": 0,
    "lang": "es",
    "updated": 0
  },
  {
    "id": "9b271ff9-2613-4e0c-9377-bb08b11aa2f5",
    "data": [
      {
        "text": "me gustaria",
        "userDefined": false
      }
    ],
    "isTemplate": false,
    "count": 0,
    "lang": "es",
    "updated": 0
  },
  {
    "id": "95461787-663d-4269-9adf-6a42cb4d4cd7",
    "data": [
      {
        "text": "positivo",
        "userDefined": false
      }
    ],
    "isTemplate": false,
    "count": 0,
    "lang": "es",
    "updated": 0
  },
  {
    "id": "2e2392c9-dee6-4f97-9026-4c5585fff9c3",
    "data": [
      {
        "text": "afirmativo",
        "userDefined": false
      }
    ],
    "isTemplate": false,
    "count": 0,
    "lang": "es",
    "updated": 0
  },
  {
    "id": "9ee44a06-6588-45e6-be34-ba149694bd04",
    "data": [
      {
        "text": "por supuesto",
        "userDefined": false
      }
    ],
    "isTemplate": false,
    "count": 0,
    "lang": "es",
    "updated": 0
  },
  {
    "id": "2739cf7c-f93f-4184-a4fc-f2458c8b696d",
    "data": [
      {
        "text": "claro",
        "meta": "@sys.ignore",
        "userDefined": false
      }
    ],
    "isTemplate": false,
    "count": 0,
    "lang": "es",
    "updated": 0
  },
  {
    "id": "79cec86d-47c9-4867-ac0d-7b70d4e1b0ef",
    "data": [
      {
        "text": "si",
        "userDefined": false
      }
    ],
    "isTemplate": false,
    "count": 0,
    "lang": "es",
    "updated": 0
  }
]