[
  {
    "id": "3b13a3d7-7d6a-4926-9fa5-01962db9bdeb",
    "data": [
      {
        "text": "acer",
        "meta": "@marca",
        "alias": "marca",
        "userDefined": false
      }
    ],
    "isTemplate": false,
    "count": 0,
    "lang": "es",
    "updated": 0
  },
  {
    "id": "0022f982-7340-4f51-9d41-d651677f0609",
    "data": [
      {
        "text": "Deseo que sea ",
        "userDefined": false
      },
      {
        "text": "HP",
        "meta": "@marca",
        "alias": "marca",
        "userDefined": true
      }
    ],
    "isTemplate": false,
    "count": 0,
    "lang": "es",
    "updated": 0
  },
  {
    "id": "ecec2cff-22dc-455a-8ef1-b05a55c7e4cc",
    "data": [
      {
        "text": "Quiero comprar una ",
        "userDefined": false
      },
      {
        "text": "MSI",
        "meta": "@marca",
        "alias": "marca",
        "userDefined": false
      }
    ],
    "isTemplate": false,
    "count": 0,
    "lang": "es",
    "updated": 0
  },
  {
    "id": "324d883a-6325-4a69-8f9c-c3f2544ddea1",
    "data": [
      {
        "text": "Por favor que sea ",
        "userDefined": false
      },
      {
        "text": "Lenovo",
        "meta": "@marca",
        "alias": "marca",
        "userDefined": false
      }
    ],
    "isTemplate": false,
    "count": 0,
    "lang": "es",
    "updated": 0
  }
]