[
  {
    "id": "17636a9b-1114-4061-89c3-55b75621a5e4",
    "data": [
      {
        "text": "ninguna de esas",
        "userDefined": false
      }
    ],
    "isTemplate": false,
    "count": 0,
    "lang": "es",
    "updated": 0
  },
  {
    "id": "8897c4d5-fdc7-4fae-9a25-ccf4024164e9",
    "data": [
      {
        "text": "negativo",
        "userDefined": false
      }
    ],
    "isTemplate": false,
    "count": 0,
    "lang": "es",
    "updated": 0
  },
  {
    "id": "3a562689-c355-4594-8369-c511287cedc0",
    "data": [
      {
        "text": "lo lamento no",
        "userDefined": false
      }
    ],
    "isTemplate": false,
    "count": 0,
    "lang": "es",
    "updated": 0
  },
  {
    "id": "b464e795-888a-4878-ab38-4b4a9e5d538e",
    "data": [
      {
        "text": "no disculpa",
        "userDefined": false
      }
    ],
    "isTemplate": false,
    "count": 0,
    "lang": "es",
    "updated": 0
  },
  {
    "id": "a051ba67-e334-438d-b747-e1b3c126d136",
    "data": [
      {
        "text": "por ",
        "userDefined": false
      },
      {
        "text": "ahora",
        "meta": "@sys.ignore",
        "userDefined": false
      },
      {
        "text": " no",
        "userDefined": false
      }
    ],
    "isTemplate": false,
    "count": 0,
    "lang": "es",
    "updated": 0
  },
  {
    "id": "c9bdc62a-124f-47e8-9021-c099e603fc70",
    "data": [
      {
        "text": "nada que ver",
        "userDefined": false
      }
    ],
    "isTemplate": false,
    "count": 1,
    "lang": "es",
    "updated": 0
  },
  {
    "id": "d8f39195-1a8b-41c6-85e7-beec342255bb",
    "data": [
      {
        "text": "en lo absoluto",
        "userDefined": false
      }
    ],
    "isTemplate": false,
    "count": 0,
    "lang": "es",
    "updated": 0
  },
  {
    "id": "a30c5bbc-ba44-43f7-9e24-7a9ac185798c",
    "data": [
      {
        "text": "no estoy interesado",
        "userDefined": false
      }
    ],
    "isTemplate": false,
    "count": 0,
    "lang": "es",
    "updated": 0
  },
  {
    "id": "ecc6e9ba-e09e-4c82-b3f3-899de01a182d",
    "data": [
      {
        "text": "no me interesa",
        "userDefined": false
      }
    ],
    "isTemplate": false,
    "count": 0,
    "lang": "es",
    "updated": 0
  },
  {
    "id": "d0dfed57-73fa-4d30-a3c8-a00398d2366e",
    "data": [
      {
        "text": "no gracias",
        "userDefined": false
      }
    ],
    "isTemplate": false,
    "count": 0,
    "lang": "es",
    "updated": 0
  },
  {
    "id": "74f79570-30ca-45a9-93ed-e2040a805705",
    "data": [
      {
        "text": "no",
        "userDefined": false
      }
    ],
    "isTemplate": false,
    "count": 0,
    "lang": "es",
    "updated": 0
  }
]