[
  {
    "id": "4caeda09-1e17-44cd-9d03-ffe19695a178",
    "data": [
      {
        "text": "core i5 3.2 ghz",
        "meta": "@procesador",
        "alias": "procesador",
        "userDefined": true
      }
    ],
    "isTemplate": false,
    "count": 0,
    "lang": "es",
    "updated": 0
  },
  {
    "id": "32bea683-5a22-43a8-99e0-c96836ec25c4",
    "data": [
      {
        "text": "quiero el ",
        "userDefined": false
      },
      {
        "text": "AMD 3.2 GHz",
        "meta": "@procesador",
        "alias": "procesador",
        "userDefined": true
      }
    ],
    "isTemplate": false,
    "count": 0,
    "lang": "es",
    "updated": 0
  },
  {
    "id": "4394fe30-59d2-4fe4-8443-a976fd1a0223",
    "data": [
      {
        "text": "prefiero el ",
        "userDefined": false
      },
      {
        "text": "core i5 3.3ghz",
        "meta": "@procesador",
        "alias": "procesador",
        "userDefined": true
      }
    ],
    "isTemplate": false,
    "count": 0,
    "lang": "es",
    "updated": 0
  }
]