[
  {
    "id": "83ba7600-b285-4c54-9b0e-4a42eb399f29",
    "data": [
      {
        "text": "16 gb",
        "meta": "@ram",
        "alias": "ram",
        "userDefined": false
      }
    ],
    "isTemplate": false,
    "count": 0,
    "lang": "es",
    "updated": 0
  },
  {
    "id": "9c460513-ae52-44a3-8444-103c5d42e09a",
    "data": [
      {
        "text": "por favor ",
        "userDefined": false
      },
      {
        "text": "la",
        "meta": "@sys.ignore",
        "userDefined": false
      },
      {
        "text": " de ",
        "userDefined": false
      },
      {
        "text": "32 gb",
        "meta": "@ram",
        "alias": "ram",
        "userDefined": true
      }
    ],
    "isTemplate": false,
    "count": 0,
    "lang": "es",
    "updated": 0
  },
  {
    "id": "a97752e1-c8b7-4c67-a3e6-1a05f41ca618",
    "data": [
      {
        "text": "la quiero de ",
        "userDefined": false
      },
      {
        "text": "16 gb",
        "meta": "@ram",
        "alias": "ram",
        "userDefined": false
      }
    ],
    "isTemplate": false,
    "count": 0,
    "lang": "es",
    "updated": 0
  }
]