[
  {
    "id": "a0bf482e-2c18-4124-89e5-5d6f4558c6d6",
    "data": [
      {
        "text": "Si quiero comprar ",
        "userDefined": false
      },
      {
        "text": "laptop",
        "meta": "@pedidoPC",
        "alias": "pedidopc",
        "userDefined": false
      }
    ],
    "isTemplate": false,
    "count": 0,
    "lang": "es",
    "updated": 0
  },
  {
    "id": "cdc1918c-c055-47d7-a647-65174058eb80",
    "data": [
      {
        "text": "pc",
        "meta": "@pedidoPC",
        "alias": "pedidopc",
        "userDefined": false
      }
    ],
    "isTemplate": false,
    "count": 0,
    "lang": "es",
    "updated": 0
  },
  {
    "id": "7948bdf4-bea0-4d85-b8bb-41db2aeaa35c",
    "data": [
      {
        "text": "Necesito ",
        "userDefined": false
      },
      {
        "text": "una laptop",
        "meta": "@pedidoPC",
        "alias": "pedidopc",
        "userDefined": false
      },
      {
        "text": " o ",
        "userDefined": false
      },
      {
        "text": "una computadora de escritorio",
        "meta": "@pedidoPC",
        "alias": "pedidopc",
        "userDefined": true
      },
      {
        "text": "?",
        "userDefined": false
      }
    ],
    "isTemplate": false,
    "count": 0,
    "lang": "es",
    "updated": 0
  },
  {
    "id": "0729ca76-82f5-40ce-9e8a-d454755676cb",
    "data": [
      {
        "text": "Busco ",
        "userDefined": false
      },
      {
        "text": "una pc",
        "meta": "@pedidoPC",
        "alias": "pedidopc",
        "userDefined": false
      },
      {
        "text": " o ",
        "userDefined": false
      },
      {
        "text": "una laptop",
        "meta": "@pedidoPC",
        "alias": "pedidopc",
        "userDefined": true
      },
      {
        "text": "?",
        "userDefined": false
      }
    ],
    "isTemplate": false,
    "count": 0,
    "lang": "es",
    "updated": 0
  },
  {
    "id": "b9ae013c-2ef5-48fe-9022-41dfe48c0178",
    "data": [
      {
        "text": "Quiero ",
        "userDefined": false
      },
      {
        "text": "un computador de escritorio",
        "meta": "@pedidoPC",
        "alias": "pedidopc",
        "userDefined": false
      },
      {
        "text": " o ",
        "userDefined": false
      },
      {
        "text": "una laptop",
        "meta": "@pedidoPC",
        "alias": "pedidopc",
        "userDefined": true
      },
      {
        "text": "?",
        "userDefined": false
      }
    ],
    "isTemplate": false,
    "count": 0,
    "lang": "es",
    "updated": 0
  },
  {
    "id": "a4b7b044-bb7a-423d-a2cb-a615c263faef",
    "data": [
      {
        "text": "Deseo ",
        "userDefined": false
      },
      {
        "text": "una laptop",
        "meta": "@pedidoPC",
        "alias": "pedidopc",
        "userDefined": false
      },
      {
        "text": " o un ",
        "userDefined": false
      },
      {
        "text": "pc de escritorio",
        "meta": "@pedidoPC",
        "alias": "pedidopc",
        "userDefined": true
      },
      {
        "text": "?",
        "userDefined": false
      }
    ],
    "isTemplate": false,
    "count": 0,
    "lang": "es",
    "updated": 0
  }
]